ID,Title,Description,PageCount,Excerpt,PublishDate
1,Codename  #01,Book Code 01,201,abc,2023-07-11T17:29:36.767Z
2,Codename  #02,Book Code 02,202,def,2023-07-11T17:29:36.767Z
3,Codename  #03,Book Code 03,203,ghi,2023-07-11T17:29:36.767Z
4,Codename  #04,Book Code 04,204,jkl,2023-07-11T17:29:36.767Z
5,Codename  #05,Book Code 05,205,mno,2023-07-11T17:29:36.767Z
6,Codename  #06,Book Code 06,206,abc,2023-07-11T17:29:36.767Z
7,Codename  #07,Book Code 07,207,def,2023-07-11T17:29:36.767Z
8,Codename  #08,Book Code 08,208,ghi,2023-07-11T17:29:36.767Z
9,Codename  #09,Book Code 09,209,jkl,2023-07-11T17:29:36.767Z
10,Codename  #10,Book Code 10,210,mno,2023-07-11T17:29:36.767Z
